,AverageTemperature,BEST,NINA,ONI,EA,EPNP,NAO,PNA,WP
Correlation,1.0,0.043480115179153046,-0.032951630761322584,-0.010772963060425255,-0.07046467234648976,0.08326935134971683,-0.03451894077719839,0.05248372049516413,-0.09059863897452185
Normality,3.558416634071921e-257,0.9728117132537315,1.082929579868353e-14,0.015247279916623143,0.021238910774092963,0.07975824265667508,0.7285013959164232,0.3375665026984171,0.8176080448812897
Stationary_ADF,1.7374846971322697e-05,1.3677720433373202e-07,1.4010970816122392e-10,3.086086841838081e-07,0.0,1.614417322699542e-09,2.404122016219576e-30,3.366455290583705e-24,0.0
Stationarity_KPSS,0.1,0.1,0.1,0.1,0.025737213155235562,0.07057435649525304,0.044925368760711,0.1,0.1
Co-integration,0.0,0.0,0.0,0.0,0.0,0.0,0.0,0.0,0.0
Granger_Causality_pvals,0.0,0.9809,0.9887,0.9107,0.9995,0.9492,0.98,0.729,0.9712
Granger_Causality_Lags,0.0,10.0,2.0,2.0,16.0,6.0,7.0,11.0,3.0
TLCC_Lags,0.0,13.0,16.0,3.0,13.0,18.0,15.0,22.0,8.0
