,AverageTemperature,BEST_Category,BEST,NINA_Category,NINA,ONI_Category,ONI,EA,EPNP,NAO,PNA,WP
Correlation,1.0,0.1950580069953644,0.019408149709524262,0.33688560925052324,-0.12375802922894846,0.20732525648827607,-0.1899060421870374,-0.0505612021139022,-0.01859061969353867,-0.06673824045777484,0.11819287177648072,0.08478483507445678
Normality,0.7284708952317513,1.9915496227556748e-13,2.4444488765997593e-14,2.725503572214594e-25,2.954185104351587e-29,2.582241786765836e-13,1.3053407638505723e-14,0.9570925455725724,0.06099000774803614,0.6350020976585113,0.39223285963361304,0.4525595593112395
Stationary_ADF,0.009098584058995302,4.082824902093593e-06,1.2830678085706564e-10,7.908266611158737e-09,3.351850488927511e-09,2.292149459467129e-10,2.9926331472501e-06,0.0,0.0018293063113995445,2.094232087905039e-30,5.737588004690552e-25,0.0
Stationarity_KPSS,0.01,0.1,0.1,0.1,0.1,0.1,0.1,0.020593965791249995,0.1,0.03414383238956161,0.1,0.1
Co-integration,0.0,0.0,0.0,0.0,0.0,0.0,0.0,0.0,0.0,0.0,0.0,0.0
Granger_Causality_pvals,0.0,0.2739,0.4638,0.0,0.0529,0.0068,0.248,0.3489,0.5945,0.5959,0.9222,0.3639
Granger_Causality_Lags,0.0,2.0,1.0,1.0,24.0,3.0,22.0,2.0,5.0,2.0,2.0,5.0
TLCC_Lags,0.0,0.0,23.0,2.0,13.0,2.0,13.0,4.0,9.0,15.0,0.0,17.0
