,AverageTemperature,BEST_Category,BEST,NINA_Category,NINA,ONI_Category,ONI,EA,EPNP,NAO,PNA,WP
Correlation,1.0,0.04103482565857737,-0.08760704736036588,0.017944382479093135,-0.09379127605380956,-0.013557151617220188,-0.21395139675904912,0.1098134529957315,-0.017535394444078246,0.1422189159850854,0.025338351082147437,0.0869895370376623
Normality,1.3058416699444512e-55,1.9915496227556748e-13,2.4444488765997593e-14,2.725503572214594e-25,2.954185104351587e-29,2.582241786765836e-13,1.3053407638505723e-14,0.9570925455725724,0.06099000774803614,0.6350020976585113,0.39223285963361304,0.4525595593112395
Stationary_ADF,0.0033988503499701645,4.082824902093593e-06,1.2830678085706564e-10,7.908266611158737e-09,3.351850488927511e-09,2.292149459467129e-10,2.9926331472501e-06,0.0,0.0018293063113995445,2.094232087905039e-30,5.737588004690552e-25,0.0
Stationarity_KPSS,0.1,0.1,0.1,0.1,0.1,0.1,0.1,0.020593965791249995,0.1,0.03414383238956161,0.1,0.1
Co-integration,0.0,0.0,0.0,0.0,0.0,0.0,0.0,0.0,0.0,0.0,0.0,0.0
Granger_Causality_pvals,0.0,0.9094,0.6938,0.822,0.7518,0.9941,0.895,0.6621,0.9441,0.2243,0.9826,0.4952
Granger_Causality_Lags,0.0,10.0,11.0,4.0,24.0,19.0,11.0,24.0,3.0,24.0,3.0,3.0
TLCC_Lags,0.0,16.0,7.0,15.0,8.0,3.0,8.0,0.0,3.0,0.0,22.0,18.0
