,AverageTemperature,BEST_Category,BEST,NINA_Category,NINA,ONI_Category,ONI,EA,EPNP,NAO,PNA,WP
Correlation,1.0,0.042663362412264066,0.00955868838746792,0.21380127052443001,-0.10942059805193079,0.11796526611426729,-0.05276777750878387,-0.14750817630611815,-0.11169505623053465,-0.11659904957833717,0.08068442097672018,-0.0020460800971187176
Normality,0.0001505158894965071,5.513017523354984e-13,2.274100826367464e-14,3.157451689363616e-24,1.2834085995103554e-29,2.293093568251056e-13,1.4890805520395172e-14,0.9531689840629347,0.0659167243960945,0.6200124345643502,0.4038218837101074,0.5023946645614323
Stationary_ADF,0.00603599181311297,2.547077726408009e-10,2.6067789239987707e-10,9.69192611995586e-09,1.4074116611213196e-05,2.4078642710412457e-08,7.503772048316378e-11,0.0,0.0027419592322100355,2.0805379424030504e-30,6.78845848130708e-25,0.0
Stationarity_KPSS,0.01,0.1,0.1,0.1,0.1,0.1,0.1,0.03513649489085484,0.1,0.05623670396169646,0.1,0.09919622945249452
Co-integration,0.0,0.0,0.0,0.0,0.0,0.0,0.0,0.0,0.0,0.0,0.0,0.0
Granger_Causality_pvals,0.0,0.3715,0.8541,0.0604,0.9576,0.1139,0.2734,0.5379,0.9164,0.9496,0.853,0.9452
Granger_Causality_Lags,0.0,1.0,9.0,5.0,20.0,6.0,11.0,1.0,8.0,10.0,20.0,10.0
TLCC_Lags,0.0,5.0,3.0,1.0,9.0,2.0,4.0,0.0,0.0,0.0,7.0,14.0
