,AverageTemperature,BEST,NINA,ONI,EA,EPNP,NAO,PNA,WP
Correlation,1.0,0.06628873838635076,0.1964449398113522,0.12899653090839738,-0.06464378990757133,0.02665660888827426,-0.02558605900693012,0.07193810078988244,-0.018101729856901855
Normality,0.00025511710903459924,0.947798186949938,2.890674757361906e-12,0.02371103189829186,0.019353132092711976,0.06686298732890718,0.6715739438672785,0.38585134433362145,0.4752276437732901
Stationary_ADF,0.007449605270806373,2.66462392134515e-07,9.755108878056534e-11,1.7078444171827894e-08,0.0,0.007566956690273823,2.139454151775645e-30,1.745412425006477e-24,0.0
Stationarity_KPSS,0.01,0.1,0.1,0.1,0.023893131193315455,0.09325030737718583,0.04700287297101014,0.1,0.1
Co-integration,0.0,0.0,0.0,0.0,0.0,0.0,0.0,0.0,0.0
Granger_Causality_pvals,0.0,0.1873,0.0465,0.4982,0.9636,0.7063,0.7243,0.8337,0.8975
Granger_Causality_Lags,0.0,1.0,1.0,6.0,1.0,16.0,1.0,22.0,5.0
TLCC_Lags,0.0,6.0,0.0,2.0,21.0,2.0,11.0,7.0,21.0
