,AverageTemperature,BEST_Category,BEST,NINA_Category,NINA,ONI_Category,ONI,EA,EPNP,NAO,PNA,WP
Correlation,1.0,0.02764287814002743,-0.11672404240512566,0.012515899288196722,-0.11908897334951751,-0.012107010621169974,-0.2369500879912029,0.014229332644681868,0.013159482650919358,0.007804360208901677,0.034537879909468806,0.09791272603404355
Normality,0.0,1.9915496227556748e-13,2.4444488765997593e-14,2.725503572214594e-25,2.954185104351587e-29,2.582241786765836e-13,1.3053407638505723e-14,0.9570925455725724,0.06099000774803614,0.6350020976585113,0.39223285963361304,0.4525595593112395
Stationary_ADF,0.013997763320273767,4.082824902093593e-06,1.2830678085706564e-10,7.908266611158737e-09,3.351850488927511e-09,2.292149459467129e-10,2.9926331472501e-06,0.0,0.0018293063113995445,2.094232087905039e-30,5.737588004690552e-25,0.0
Stationarity_KPSS,0.1,0.1,0.1,0.1,0.1,0.1,0.1,0.020593965791249995,0.1,0.03414383238956161,0.1,0.1
Co-integration,0.0,0.0,0.0,0.0,0.0,0.0,0.0,0.0,0.0,0.0,0.0,0.0
Granger_Causality_pvals,0.0,0.9266,0.9573,0.9238,0.4198,0.8957,0.2382,0.8496,0.5041,0.7198,0.9005,0.9477
Granger_Causality_Lags,0.0,24.0,10.0,23.0,4.0,20.0,23.0,23.0,24.0,1.0,1.0,2.0
TLCC_Lags,0.0,16.0,19.0,15.0,2.0,2.0,2.0,17.0,16.0,5.0,11.0,19.0
