,AverageTemperature,BEST,NINA,ONI,EA,EPNP,NAO,PNA,WP
Correlation,1.0,0.2311635169613689,0.20116406760370006,0.20633493310019727,-0.0505612021139022,-0.01859061969353867,-0.06673824045777484,0.11819287177648072,0.08478483507445678
Normality,0.7284708952317513,0.9018674978529778,2.55582308091161e-15,0.007308818000895523,0.9570925455725724,0.06099000774803614,0.6350020976585113,0.39223285963361304,0.4525595593112395
Stationary_ADF,0.009098584058995302,1.7439324254527986e-07,1.907622261398776e-10,7.691616560789772e-06,0.0,0.0018293063113995445,2.094232087905039e-30,5.737588004690552e-25,0.0
Stationarity_KPSS,0.01,0.1,0.1,0.1,0.020593965791249995,0.1,0.03414383238956161,0.1,0.1
Co-integration,0.0,0.0,0.0,0.0,0.0,0.0,0.0,0.0,0.0
Granger_Causality_pvals,0.0,0.0496,0.0013,0.0107,0.3489,0.5945,0.5959,0.9222,0.3639
Granger_Causality_Lags,0.0,6.0,1.0,3.0,2.0,5.0,2.0,2.0,5.0
TLCC_Lags,0.0,1.0,5.0,2.0,4.0,9.0,15.0,0.0,17.0
