,AverageTemperature,BEST,NINA,ONI,EA,EPNP,NAO,PNA,WP
Correlation,1.0,0.0467465765879013,-0.006081691728085526,-0.004419922162857086,-0.07058250488052498,0.10074258640345689,-0.05673794438096061,0.008719248061026494,-0.10001021100808687
Normality,5.306265889658637e-201,0.972791083608631,6.960551731337486e-15,0.013634533395509832,0.015717923586439357,0.05551610772020501,0.7686737352091725,0.3758223765336541,0.44557855752915687
Stationary_ADF,5.457082388721486e-06,1.9713977944493349e-07,2.065517919597294e-10,2.750564402573411e-05,0.0,0.011026166523851282,2.18924883560266e-30,1.4631529147199438e-24,0.0
Stationarity_KPSS,0.1,0.1,0.1,0.1,0.02734666876853484,0.06719093762196818,0.06950175132940037,0.1,0.1
Co-integration,0.0,0.0,0.0,0.0,0.0,0.0,0.0,0.0,0.0
Granger_Causality_pvals,0.0,0.9747,0.691,0.9967,0.9535,0.9368,0.7424,0.4096,0.78
Granger_Causality_Lags,0.0,1.0,2.0,3.0,2.0,1.0,2.0,1.0,19.0
TLCC_Lags,0.0,18.0,4.0,14.0,13.0,18.0,14.0,15.0,1.0
