,AverageTemperature,BEST,NINA,ONI,EA_first_difference,EA_seasonal_difference,EA_seasonal_first_difference,EPNP_first_difference,EPNP_seasonal_difference,EPNP_seasonal_first_difference,NAO_first_difference,NAO_seasonal_difference,NAO_seasonal_first_difference,PNA_first_difference,PNA_seasonal_difference,PNA_seasonal_first_difference,WP_first_difference,WP_seasonal_difference,WP_seasonal_first_difference
Correlation,1.0,0.044415091760490785,-0.002218470376942089,0.015480184151745563,0.020666033617301044,-0.05167314991639713,-0.003978210004754698,0.04203111681340573,0.0021337775510185957,0.011869490628629456,0.018545204390881653,-0.005482160166837125,0.005084509775987427,0.00687257269447275,-0.028335763140125574,-0.011397361746204036,-0.0037024446982296807,-0.002512904096618155,-0.00225574176331708
Normality,0.0,0.7937035350257033,8.008839293326807e-13,0.01888945204541184,0.5156239948677053,0.545488693748853,0.21066831918807238,0.012806494486590112,0.5461017614202369,0.5230486811949213,0.6544963478236916,0.5672278560031556,0.1444513278309547,0.9112531697524274,0.4621285191059802,0.818467061146958,0.8222218941411042,0.18502625215062313,0.8592215650873103
Stationary_ADF,0.000645897989231574,3.7756428553765976e-08,2.3137804497358824e-10,7.282620673413575e-07,2.5178332759454254e-18,3.491407814190309e-19,1.7711325216895667e-10,1.8156821231489376e-26,3.369946471365794e-08,5.237879245345621e-11,1.180219860444732e-22,1.2593122878070551e-14,1.2202302566925332e-10,2.690184763443282e-20,1.2510208066322708e-11,2.090685687677939e-12,3.8784612310413634e-16,1.0615443346181456e-12,1.838852583184154e-12
Stationarity_KPSS,0.1,0.1,0.1,0.1,0.1,0.1,0.1,0.1,0.1,0.1,0.1,0.1,0.1,0.1,0.1,0.1,0.1,0.1,0.1
Co-integration,1.838852583184154e-12,1.838852583184154e-12,1.838852583184154e-12,1.838852583184154e-12,1.838852583184154e-12,1.838852583184154e-12,1.838852583184154e-12,1.838852583184154e-12,1.838852583184154e-12,1.838852583184154e-12,1.838852583184154e-12,1.838852583184154e-12,1.838852583184154e-12,1.838852583184154e-12,1.838852583184154e-12,1.838852583184154e-12,1.838852583184154e-12,1.838852583184154e-12,1.838852583184154e-12
Granger_Causality_pvals,0.0,0.7902,0.9657,0.9855,0.7576,0.5921,0.9027,0.5251,0.8235,0.791,0.7266,0.8331,0.7539,0.9733,0.9859,0.9255,0.3818,0.9599,0.9356
Granger_Causality_Lags,0.0,13.0,2.0,1.0,5.0,24.0,6.0,1.0,15.0,17.0,1.0,11.0,10.0,9.0,7.0,6.0,2.0,1.0,1.0
TLCC_Lags,0.0,14.0,14.0,13.0,6.0,1.0,1.0,5.0,12.0,1.0,15.0,16.0,15.0,21.0,5.0,15.0,8.0,10.0,16.0
