,AverageTemperature,BEST,NINA,ONI,EA,EPNP,NAO,PNA,WP
Correlation,1.0,0.23277192903157953,0.2732404515403599,0.23938561697284322,-0.10165233571511827,0.12195099324543648,-0.11816714545960072,0.10230941885920991,-0.14296759567572437
Normality,0.6711777938173353,0.972791083608631,6.960551731337486e-15,0.013634533395509832,0.015717923586439357,0.05551610772020501,0.7686737352091725,0.3758223765336541,0.44557855752915687
Stationary_ADF,0.011647567422410394,1.9713977944493349e-07,2.065517919597294e-10,2.750564402573411e-05,0.0,0.011026166523851282,2.18924883560266e-30,1.4631529147199438e-24,0.0
Stationarity_KPSS,0.01,0.1,0.1,0.1,0.02734666876853484,0.06719093762196818,0.06950175132940037,0.1,0.1
Co-integration,0.0,0.0,0.0,0.0,0.0,0.0,0.0,0.0,0.0
Granger_Causality_pvals,0.0,0.075,0.0191,0.0254,0.9277,0.9556,0.992,0.964,0.4662
Granger_Causality_Lags,0.0,8.0,1.0,2.0,1.0,4.0,6.0,2.0,21.0
TLCC_Lags,0.0,0.0,0.0,1.0,0.0,0.0,0.0,0.0,0.0
