,AverageTemperature,BEST,NINA,ONI,EA,EPNP,NAO,PNA,WP
Correlation,1.0,0.022470679319632952,-0.030740719198520904,-0.0025610722213273286,0.014229332644681868,0.013159482650919358,0.007804360208901677,0.034537879909468806,0.09791272603404355
Normality,0.0,0.9018674978529778,2.55582308091161e-15,0.007308818000895523,0.9570925455725724,0.06099000774803614,0.6350020976585113,0.39223285963361304,0.4525595593112395
Stationary_ADF,0.013997763320273767,1.7439324254527986e-07,1.907622261398776e-10,7.691616560789772e-06,0.0,0.0018293063113995445,2.094232087905039e-30,5.737588004690552e-25,0.0
Stationarity_KPSS,0.1,0.1,0.1,0.1,0.020593965791249995,0.1,0.03414383238956161,0.1,0.1
Co-integration,0.0,0.0,0.0,0.0,0.0,0.0,0.0,0.0,0.0
Granger_Causality_pvals,0.0,0.8916,0.7727,0.9617,0.8496,0.5041,0.7198,0.9005,0.9477
Granger_Causality_Lags,0.0,10.0,3.0,2.0,23.0,24.0,1.0,1.0,2.0
TLCC_Lags,0.0,20.0,8.0,20.0,17.0,16.0,5.0,11.0,19.0
