,AverageTemperature,BEST,NINA,ONI,EA,EPNP,NAO,PNA,WP
Correlation,1.0,0.027940200593911512,-0.027379152354606515,0.004341298439033977,-0.031760598842581624,-0.02614049504067015,0.10557740669186957,0.023586963599060054,0.07978727824630161
Normality,1.2675306397467177e-77,0.9018674978529778,2.55582308091161e-15,0.007308818000895523,0.9570925455725724,0.06099000774803614,0.6350020976585113,0.39223285963361304,0.4525595593112395
Stationary_ADF,4.00745355772844e-06,1.7439324254527986e-07,1.907622261398776e-10,7.691616560789772e-06,0.0,0.0018293063113995445,2.094232087905039e-30,5.737588004690552e-25,0.0
Stationarity_KPSS,0.1,0.1,0.1,0.1,0.020593965791249995,0.1,0.03414383238956161,0.1,0.1
Co-integration,0.0,0.0,0.0,0.0,0.0,0.0,0.0,0.0,0.0
Granger_Causality_pvals,0.0,0.9198,0.9927,0.9953,0.1858,0.6966,0.817,0.8824,0.5814
Granger_Causality_Lags,0.0,2.0,3.0,2.0,1.0,3.0,13.0,2.0,12.0
TLCC_Lags,0.0,8.0,14.0,17.0,4.0,3.0,0.0,22.0,6.0
