,AverageTemperature,BEST_Category,BEST,NINA_Category,NINA,ONI_Category,ONI,EA,EPNP,NAO,PNA,WP
Correlation,1.0,0.025942943066030785,-0.13796760394064148,0.039713655589360033,-0.17146399026690984,-0.007610626703042065,-0.29142898192787287,0.03342540601158263,-0.017049591263576535,0.05089969632225366,0.047543489419334665,0.11886267526519186
Normality,6.376813550750967e-85,2.522166248973386e-13,3.858493540768662e-14,3.138826639063306e-25,7.849940153060234e-29,1.223401348310488e-13,1.7112396298841533e-14,0.9490139596387321,0.062416246396764845,0.5913657312886543,0.41429237636706684,0.479937052407567
Stationary_ADF,1.7906104431936176e-05,8.58553989135356e-06,1.4138608868530045e-10,7.731809898777202e-09,3.248181584212285e-05,1.967160735805228e-10,4.574464757735204e-06,0.0,0.003194040008166452,2.10781965330393e-30,6.521095427094411e-25,0.0
Stationarity_KPSS,0.1,0.1,0.1,0.1,0.1,0.1,0.1,0.022874828295267113,0.09177177004839106,0.048996303405579124,0.1,0.1
Co-integration,0.0,0.0,0.0,0.0,0.0,0.0,0.0,0.0,0.0,0.0,0.0,0.0
Granger_Causality_pvals,0.0,0.9914,0.9753,0.9759,0.25,0.9404,0.9623,0.9224,0.6352,0.9786,0.9714,0.9036
Granger_Causality_Lags,0.0,6.0,12.0,24.0,24.0,2.0,11.0,12.0,2.0,5.0,16.0,6.0
TLCC_Lags,0.0,21.0,12.0,2.0,13.0,23.0,13.0,23.0,21.0,23.0,19.0,23.0
