,AverageTemperature,BEST_Category,BEST,NINA_Category,NINA,ONI_Category,ONI,EA,EPNP,NAO,PNA,WP
Correlation,1.0,0.027531233669792553,-0.10101886997778575,0.021078921091242778,-0.09254504410751685,-0.006211193329431672,-0.2321543623507418,-0.031760598842581624,-0.02614049504067015,0.10557740669186957,0.023586963599060054,0.07978727824630161
Normality,1.2675306397467177e-77,1.9915496227556748e-13,2.4444488765997593e-14,2.725503572214594e-25,2.954185104351587e-29,2.582241786765836e-13,1.3053407638505723e-14,0.9570925455725724,0.06099000774803614,0.6350020976585113,0.39223285963361304,0.4525595593112395
Stationary_ADF,4.00745355772844e-06,4.082824902093593e-06,1.2830678085706564e-10,7.908266611158737e-09,3.351850488927511e-09,2.292149459467129e-10,2.9926331472501e-06,0.0,0.0018293063113995445,2.094232087905039e-30,5.737588004690552e-25,0.0
Stationarity_KPSS,0.1,0.1,0.1,0.1,0.1,0.1,0.1,0.020593965791249995,0.1,0.03414383238956161,0.1,0.1
Co-integration,0.0,0.0,0.0,0.0,0.0,0.0,0.0,0.0,0.0,0.0,0.0,0.0
Granger_Causality_pvals,0.0,0.8744,0.2324,0.9153,0.9148,0.7127,0.9819,0.1858,0.6966,0.817,0.8824,0.5814
Granger_Causality_Lags,0.0,9.0,22.0,4.0,15.0,15.0,14.0,1.0,3.0,13.0,2.0,12.0
TLCC_Lags,0.0,16.0,19.0,9.0,2.0,13.0,19.0,4.0,3.0,0.0,22.0,6.0
