,AverageTemperature,BEST,NINA,ONI,EA,EPNP,NAO,PNA,WP
Correlation,1.0,0.04664909784912681,-0.011375923833969874,-0.001170779055784212,-0.056110343956815856,0.08838454129625423,-0.07625943930835695,0.017360020734826218,-0.10784943408260501
Normality,7.829234822072354e-49,0.972791083608631,6.960551731337486e-15,0.013634533395509832,0.015717923586439357,0.05551610772020501,0.7686737352091725,0.3758223765336541,0.44557855752915687
Stationary_ADF,0.003680850392900732,1.9713977944493349e-07,2.065517919597294e-10,2.750564402573411e-05,0.0,0.011026166523851282,2.18924883560266e-30,1.4631529147199438e-24,0.0
Stationarity_KPSS,0.1,0.1,0.1,0.1,0.02734666876853484,0.06719093762196818,0.06950175132940037,0.1,0.1
Co-integration,0.0,0.0,0.0,0.0,0.0,0.0,0.0,0.0,0.0
Granger_Causality_pvals,0.0,0.9203,0.9899,0.9911,0.8953,0.7022,0.8725,0.9384,0.934
Granger_Causality_Lags,0.0,2.0,4.0,11.0,4.0,19.0,2.0,7.0,4.0
TLCC_Lags,0.0,6.0,16.0,3.0,12.0,13.0,19.0,22.0,1.0
