,AverageTemperature,BEST,NINA,ONI,EA,EPNP,NAO,PNA,WP
Correlation,1.0,0.052659946099686925,-0.025811050258170643,0.02049950048220627,0.03342540601158263,-0.017049591263576535,0.05089969632225366,0.047543489419334665,0.11886267526519186
Normality,6.376813550750967e-85,0.8915455596552616,2.8776430586331133e-15,0.006535230695819893,0.9490139596387321,0.062416246396764845,0.5913657312886543,0.41429237636706684,0.479937052407567
Stationary_ADF,1.7906104431936176e-05,2.0333276712231499e-07,3.512303707695124e-10,2.2108621535975767e-07,0.0,0.003194040008166452,2.10781965330393e-30,6.521095427094411e-25,0.0
Stationarity_KPSS,0.1,0.1,0.1,0.1,0.022874828295267113,0.09177177004839106,0.048996303405579124,0.1,0.1
Co-integration,0.0,0.0,0.0,0.0,0.0,0.0,0.0,0.0,0.0
Granger_Causality_pvals,0.0,0.6825,0.9931,0.9732,0.9224,0.6352,0.9786,0.9714,0.9036
Granger_Causality_Lags,0.0,1.0,1.0,2.0,12.0,2.0,5.0,16.0,6.0
TLCC_Lags,0.0,1.0,8.0,1.0,23.0,21.0,23.0,19.0,23.0
