,AverageTemperature,BEST,NINA,ONI,EA,EPNP,NAO,PNA,WP
Correlation,1.0,0.05411401267042217,-0.00799043195758435,0.005782863625741463,-0.07302724856935602,0.08661700765205275,-0.04149540922695193,-0.018743809116902883,-0.08954422183152211
Normality,0.0,0.9667004082282352,7.6842960538786e-15,0.014640691862972286,0.015607516356452735,0.060170695538725005,0.7308864740546308,0.36208860566429346,0.45968469153474556
Stationary_ADF,0.0003999767661292224,1.9714051677554773e-07,2.710774308100467e-10,2.5032266552808692e-05,0.0,0.010309723745022203,2.130118280470751e-30,1.5725964262386552e-24,0.0
Stationarity_KPSS,0.1,0.1,0.1,0.1,0.0307054136045147,0.07246076111979753,0.04588320191754647,0.1,0.1
Co-integration,0.0,0.0,0.0,0.0,0.0,0.0,0.0,0.0,0.0
Granger_Causality_pvals,0.0,0.9679,0.8927,0.9775,0.9977,0.7817,0.9524,0.8785,0.2833
Granger_Causality_Lags,0.0,3.0,3.0,3.0,4.0,24.0,3.0,1.0,5.0
TLCC_Lags,0.0,18.0,10.0,14.0,1.0,7.0,14.0,22.0,1.0
