,AverageTemperature,BEST_Category,BEST,NINA_Category,NINA,ONI_Category,ONI,EA,EPNP,NAO,PNA,WP
Correlation,1.0,0.049825475672443935,-0.12439876044300603,0.004764393247440046,-0.11151906976510931,0.010843346715247842,-0.22366939728584226,0.0364219654122983,0.07400602396914138,0.10102534062203683,0.05876319945631522,0.02133076649764352
Normality,6.3689953517659914e-251,3.0811668021808805e-13,1.45069527326408e-14,4.708383995505424e-25,2.4377174560003162e-29,3.58521727236067e-13,1.2522884938121985e-14,0.9651673246254869,0.04258769017659503,0.6115601796020227,0.3480685971125822,0.40141148687652634
Stationary_ADF,1.8629701753089968e-05,7.1062615228959805e-06,9.958041878173513e-11,8.136919308227267e-09,2.887977235228632e-05,2.444797607020037e-10,2.9500915917317266e-05,1.023213073664967e-17,1.1397102305778589e-29,2.081698238897188e-30,1.2697268312615262e-24,0.0
Stationarity_KPSS,0.1,0.1,0.1,0.1,0.1,0.1,0.1,0.022403919773124018,0.08842609645642042,0.035324643473335804,0.1,0.1
Co-integration,0.0,0.0,0.0,0.0,0.0,0.0,0.0,0.0,0.0,0.0,0.0,0.0
Granger_Causality_pvals,0.0,0.8856,0.4121,0.9566,0.216,0.7079,0.6621,0.9841,0.6291,0.6352,0.6847,0.4924
Granger_Causality_Lags,0.0,10.0,15.0,9.0,12.0,23.0,24.0,20.0,10.0,9.0,24.0,12.0
TLCC_Lags,0.0,10.0,2.0,15.0,15.0,4.0,2.0,17.0,15.0,0.0,0.0,6.0
