,AverageTemperature,BEST,NINA,ONI,EA,EPNP,NAO,PNA,WP
Correlation,1.0,0.05462091174031956,0.00967184805444848,0.011179305417450248,-0.07291562388621368,0.11345230833448937,-0.061436677660456254,0.038148302349008824,-0.09250998689924392
Normality,8.268723136410013e-77,0.9798031781076676,2.6394453615946527e-15,0.009923159942887427,0.011054359496218713,0.05144413711024714,0.7231064733950534,0.401912753084211,0.4625700420785841
Stationary_ADF,1.5410118708639032e-05,2.153336734384892e-07,3.137379931415031e-10,4.1267072763973767e-07,0.0,2.5190909051553474e-09,2.187677671718444e-30,1.6772714897260744e-24,2.023985701562178e-30
Stationarity_KPSS,0.1,0.1,0.1,0.1,0.024052540716189494,0.06571708292862835,0.0788848668118862,0.1,0.1
Co-integration,2.023985701562178e-30,2.023985701562178e-30,2.023985701562178e-30,2.023985701562178e-30,2.023985701562178e-30,2.023985701562178e-30,2.023985701562178e-30,2.023985701562178e-30,2.023985701562178e-30
Granger_Causality_pvals,0.0,0.8683,0.7331,0.9917,0.9796,0.9672,0.8847,0.9769,0.9462
Granger_Causality_Lags,0.0,1.0,24.0,5.0,5.0,2.0,12.0,16.0,12.0
TLCC_Lags,0.0,0.0,3.0,6.0,13.0,12.0,13.0,19.0,18.0
