,AverageTemperature,BEST,NINA,ONI,EA,EPNP,NAO,PNA,WP
Correlation,1.0,0.0367745107416564,-0.007023518220716434,-0.007133376755862656,-0.09001795256252608,0.08379875349306523,-0.06558437417117836,0.017750634011434896,-0.09625368146117642
Normality,1.8530005418951187e-69,0.972791083608631,6.960551731337486e-15,0.013634533395509832,0.015717923586439357,0.05551610772020501,0.7686737352091725,0.3758223765336541,0.44557855752915687
Stationary_ADF,5.988590883739974e-06,1.9713977944493349e-07,2.065517919597294e-10,2.750564402573411e-05,0.0,0.011026166523851282,2.18924883560266e-30,1.4631529147199438e-24,0.0
Stationarity_KPSS,0.1,0.1,0.1,0.1,0.02734666876853484,0.06719093762196818,0.06950175132940037,0.1,0.1
Co-integration,0.0,0.0,0.0,0.0,0.0,0.0,0.0,0.0,0.0
Granger_Causality_pvals,0.0,0.8606,0.6141,0.9789,0.6909,0.3806,0.8467,0.8938,0.9951
Granger_Causality_Lags,0.0,12.0,1.0,2.0,1.0,1.0,23.0,9.0,6.0
TLCC_Lags,0.0,7.0,9.0,13.0,0.0,6.0,14.0,22.0,7.0
