,AverageTemperature,BEST_Category,BEST,NINA_Category,NINA,ONI_Category,ONI,EA,EPNP,NAO,PNA,WP
Correlation,1.0,0.03309675865483284,-0.13072232384209637,0.018578028146816215,-0.14632550120970472,-0.01317719997677557,-0.2632678974477682,0.016034039362126454,0.02939128705331524,0.016791249699390467,0.0119150865815647,0.07362416754508139
Normality,0.0,3.0183808320414485e-12,2.4109282412231225e-12,4.485072774574594e-26,2.014200623503523e-27,1.4721905268898635e-12,2.8013837473870775e-12,0.9459077925622533,0.07110596539358582,0.40436660183552986,0.27839859716298215,0.19936152384993225
Stationary_ADF,0.000645897989231574,9.252930167030363e-10,5.21171922355407e-07,5.23355793962482e-09,2.3305005505709926e-12,2.9983786836892416e-10,2.914742060787576e-05,0.0,2.0368377939986528e-09,8.502942482864683e-23,3.088333789478526e-23,0.0
Stationarity_KPSS,0.1,0.1,0.1,0.1,0.1,0.1,0.1,0.012680432342127821,0.08741333617791158,0.02713844739949196,0.1,0.1
Co-integration,0.0,0.0,0.0,0.0,0.0,0.0,0.0,0.0,0.0,0.0,0.0,0.0
Granger_Causality_pvals,0.0,0.5426,0.8859,0.2378,0.1302,0.8213,0.0645,0.2895,0.3531,0.4637,0.9134,0.6952
Granger_Causality_Lags,0.0,3.0,2.0,2.0,2.0,1.0,17.0,3.0,24.0,1.0,3.0,1.0
TLCC_Lags,0.0,11.0,17.0,13.0,2.0,11.0,1.0,4.0,3.0,12.0,19.0,5.0
