,AverageTemperature,BEST,NINA,ONI,EA,EPNP,NAO,PNA,WP
Correlation,1.0,0.044415091760490785,-0.002218470376942089,0.015480184151745563,0.016034039362126454,0.02939128705331524,0.016791249699390467,0.0119150865815647,0.07362416754508139
Normality,0.0,0.7937035350257033,8.008839293326807e-13,0.01888945204541184,0.9459077925622533,0.07110596539358582,0.40436660183552986,0.27839859716298215,0.19936152384993225
Stationary_ADF,0.000645897989231574,3.7756428553765976e-08,2.3137804497358824e-10,7.282620673413575e-07,0.0,2.0368377939986528e-09,8.502942482864683e-23,3.088333789478526e-23,0.0
Stationarity_KPSS,0.1,0.1,0.1,0.1,0.012680432342127821,0.08741333617791158,0.02713844739949196,0.1,0.1
Co-integration,0.0,0.0,0.0,0.0,0.0,0.0,0.0,0.0,0.0
Granger_Causality_pvals,0.0,0.7902,0.9657,0.9855,0.2895,0.3531,0.4637,0.9134,0.6952
Granger_Causality_Lags,0.0,13.0,2.0,1.0,3.0,24.0,1.0,3.0,1.0
TLCC_Lags,0.0,14.0,14.0,13.0,4.0,3.0,12.0,19.0,5.0
