,AverageTemperature,BEST,NINA,ONI,EA,EPNP,NAO,PNA,WP
Correlation,1.0,0.030308210305145813,-0.009486260465340034,-0.014791226089309554,-0.07315856713610365,0.09781015878750861,-0.049533588283258156,0.027628971057264595,-0.09111248501002371
Normality,0.0,0.972791083608631,6.960551731337486e-15,0.013634533395509832,0.015717923586439357,0.05551610772020501,0.7686737352091725,0.3758223765336541,0.44557855752915687
Stationary_ADF,0.01888083400738657,1.9713977944493349e-07,2.065517919597294e-10,2.750564402573411e-05,0.0,0.011026166523851282,2.18924883560266e-30,1.4631529147199438e-24,0.0
Stationarity_KPSS,0.026532569514317025,0.1,0.1,0.1,0.02734666876853484,0.06719093762196818,0.06950175132940037,0.1,0.1
Co-integration,0.0,0.0,0.0,0.0,0.0,0.0,0.0,0.0,0.0
Granger_Causality_pvals,0.0,0.9244,0.8874,0.9578,0.949,0.9779,0.8908,0.8714,0.9932
Granger_Causality_Lags,0.0,4.0,3.0,2.0,10.0,2.0,3.0,23.0,11.0
TLCC_Lags,0.0,19.0,22.0,23.0,0.0,7.0,14.0,11.0,13.0
