,AverageTemperature,BEST,NINA,ONI,EA,EPNP,NAO,PNA,WP
Correlation,1.0,0.03955600517036476,-0.013664324432609974,0.014055587357964864,0.0364219654122983,0.07400602396914138,0.10102534062203683,0.05876319945631522,0.02133076649764352
Normality,6.3689953517659914e-251,0.9329848063927677,2.599496990866365e-15,0.007989820074249128,0.9651673246254869,0.04258769017659503,0.6115601796020227,0.3480685971125822,0.40141148687652634
Stationary_ADF,1.8629701753089968e-05,1.305902065907237e-07,2.440986467315336e-10,1.2486592772662714e-07,1.023213073664967e-17,1.1397102305778589e-29,2.081698238897188e-30,1.2697268312615262e-24,0.0
Stationarity_KPSS,0.1,0.1,0.1,0.1,0.022403919773124018,0.08842609645642042,0.035324643473335804,0.1,0.1
Co-integration,0.0,0.0,0.0,0.0,0.0,0.0,0.0,0.0,0.0
Granger_Causality_pvals,0.0,0.9859,0.9936,0.9056,0.9841,0.6291,0.6352,0.6847,0.4924
Granger_Causality_Lags,0.0,13.0,18.0,1.0,20.0,10.0,9.0,24.0,12.0
TLCC_Lags,0.0,14.0,19.0,6.0,17.0,15.0,0.0,0.0,6.0
