,AverageTemperature,BEST,NINA,ONI,EA,EPNP,NAO,PNA,WP
Correlation,1.0,0.04240228418807578,0.0072813791725450374,0.019918211450617826,0.1098134529957315,-0.017535394444078246,0.1422189159850854,0.025338351082147437,0.0869895370376623
Normality,1.3058416699444512e-55,0.9018674978529778,2.55582308091161e-15,0.007308818000895523,0.9570925455725724,0.06099000774803614,0.6350020976585113,0.39223285963361304,0.4525595593112395
Stationary_ADF,0.0033988503499701645,1.7439324254527986e-07,1.907622261398776e-10,7.691616560789772e-06,0.0,0.0018293063113995445,2.094232087905039e-30,5.737588004690552e-25,0.0
Stationarity_KPSS,0.1,0.1,0.1,0.1,0.020593965791249995,0.1,0.03414383238956161,0.1,0.1
Co-integration,0.0,0.0,0.0,0.0,0.0,0.0,0.0,0.0,0.0
Granger_Causality_pvals,0.0,0.8892,0.8548,0.9699,0.6621,0.9441,0.2243,0.9826,0.4952
Granger_Causality_Lags,0.0,9.0,2.0,3.0,24.0,3.0,24.0,3.0,3.0
TLCC_Lags,0.0,7.0,20.0,6.0,0.0,3.0,0.0,22.0,18.0
