,AverageTemperature,BEST_Category,BEST,NINA_Category,NINA,ONI_Category,ONI,EA,EPNP,NAO,PNA,WP
Correlation,1.0,0.05919815828281863,-0.08174878921537497,0.011950569593538806,-0.07469418004353445,0.005000876248310519,-0.19023919534645808,0.07851405823161914,0.03834234786733638,0.07626025659544593,-0.01156846507647671,0.14538061748463837
Normality,0.0,2.303824488006704e-13,2.409089902213735e-14,3.220298980553713e-25,3.463284943597468e-29,2.907454360000513e-13,1.649730834709718e-14,0.9428374990875352,0.05695676529688991,0.665940699233085,0.3792130154545444,0.4701263946633524
Stationary_ADF,0.0002986732838076909,4.190211787124426e-06,1.6883751472980642e-10,8.181155010400356e-09,3.148161941502415e-09,2.3837431120800825e-10,2.856129664981514e-06,1.515373636315695e-20,0.001883407630512248,2.0963270907802695e-30,6.155458296968759e-25,0.0
Stationarity_KPSS,0.1,0.1,0.1,0.1,0.1,0.1,0.1,0.01649326956713633,0.09620279369956447,0.049037229716828896,0.1,0.1
Co-integration,0.0,0.0,0.0,0.0,0.0,0.0,0.0,0.0,0.0,0.0,0.0,0.0
Granger_Causality_pvals,0.0,0.9637,0.9135,0.9585,0.4942,0.9616,0.8492,0.9825,0.7138,0.5071,0.6564,0.7397
Granger_Causality_Lags,0.0,5.0,4.0,11.0,2.0,3.0,4.0,10.0,11.0,9.0,1.0,1.0
TLCC_Lags,0.0,16.0,13.0,3.0,14.0,15.0,14.0,5.0,16.0,17.0,23.0,0.0
