,AverageTemperature,BEST,NINA,ONI,EA,EPNP,NAO,PNA,WP
Correlation,1.0,0.07981805684306081,0.08453624827074643,0.08769070139133604,-0.14750817630611815,-0.11169505623053465,-0.11659904957833717,0.08068442097672018,-0.0020460800971187176
Normality,0.0001505158894965071,0.9082540607418556,1.1840072558630448e-15,0.006052179947501993,0.9531689840629347,0.0659167243960945,0.6200124345643502,0.4038218837101074,0.5023946645614323
Stationary_ADF,0.00603599181311297,2.753862242204652e-07,1.1878160936226255e-10,1.0580705734797735e-11,0.0,0.0027419592322100355,2.0805379424030504e-30,6.78845848130708e-25,0.0
Stationarity_KPSS,0.01,0.1,0.1,0.1,0.03513649489085484,0.1,0.05623670396169646,0.1,0.09919622945249452
Co-integration,0.0,0.0,0.0,0.0,0.0,0.0,0.0,0.0,0.0
Granger_Causality_pvals,0.0,0.4768,0.0086,0.2047,0.5379,0.9164,0.9496,0.853,0.9452
Granger_Causality_Lags,0.0,1.0,1.0,3.0,1.0,8.0,10.0,20.0,10.0
TLCC_Lags,0.0,7.0,3.0,5.0,0.0,0.0,0.0,7.0,14.0
