,AverageTemperature,BEST,NINA,ONI,EA,EPNP,NAO,PNA,WP
Correlation,1.0,0.031074484530743948,-0.02036282671163144,0.0036840777872516307,0.07823429971953669,-0.06168837576908412,0.10011339657124328,0.015705341962192587,0.13948828440391656
Normality,3.690559384717429e-226,0.9018674978529778,2.55582308091161e-15,0.007308818000895523,0.9570925455725724,0.06099000774803614,0.6350020976585113,0.39223285963361304,0.4525595593112395
Stationary_ADF,9.321489545104379e-06,1.7439324254527986e-07,1.907622261398776e-10,7.691616560789772e-06,0.0,0.0018293063113995445,2.094232087905039e-30,5.737588004690552e-25,0.0
Stationarity_KPSS,0.1,0.1,0.1,0.1,0.020593965791249995,0.1,0.03414383238956161,0.1,0.1
Co-integration,0.0,0.0,0.0,0.0,0.0,0.0,0.0,0.0,0.0
Granger_Causality_pvals,0.0,0.8034,0.9252,0.9787,0.5267,0.257,0.4853,0.2721,0.587
Granger_Causality_Lags,0.0,3.0,2.0,2.0,14.0,1.0,15.0,1.0,1.0
TLCC_Lags,0.0,19.0,8.0,19.0,17.0,3.0,0.0,23.0,0.0
