,AverageTemperature,BEST,NINA,ONI,EA,EPNP,NAO,PNA,WP
Correlation,1.0,0.047039369063430446,-0.017242698945357633,-0.009447153496488515,-0.07766212237224156,0.099891586422514,-0.043017060627638846,0.002016611694504787,-0.06838240616940598
Normality,0.0,0.8089546910135156,8.978437828902145e-14,0.032228069475821616,0.019403585148449858,0.054377945731941574,0.4812755490282533,0.2991204285305326,0.2884073809998351
Stationary_ADF,0.002269083944820938,4.2667798475668435e-08,1.7499621833084681e-09,1.8746966656212113e-10,0.0,2.516108231122239e-22,2.1884770745828087e-08,4.091963725075707e-23,0.0
Stationarity_KPSS,0.1,0.1,0.1,0.1,0.06158080535523948,0.0641106081003106,0.06469074907071579,0.1,0.1
Co-integration,0.0,0.0,0.0,0.0,0.0,0.0,0.0,0.0,0.0
Granger_Causality_pvals,0.0,0.6729,0.3749,0.7872,0.814,0.8511,0.9135,0.901,0.6505
Granger_Causality_Lags,0.0,22.0,1.0,1.0,12.0,1.0,16.0,14.0,1.0
TLCC_Lags,0.0,12.0,14.0,11.0,1.0,0.0,1.0,8.0,1.0
