,AverageTemperature,BEST_Category,BEST,NINA_Category,NINA,ONI_Category,ONI,EA,EPNP,NAO,PNA,WP
Correlation,1.0,0.0497246665084599,-0.07930814085332956,0.01541276231004415,-0.05515318103753158,-0.000376684667888026,-0.18439875999687144,0.07823429971953669,-0.06168837576908412,0.10011339657124328,0.015705341962192587,0.13948828440391656
Normality,3.690559384717429e-226,1.9915496227556748e-13,2.4444488765997593e-14,2.725503572214594e-25,2.954185104351587e-29,2.582241786765836e-13,1.3053407638505723e-14,0.9570925455725724,0.06099000774803614,0.6350020976585113,0.39223285963361304,0.4525595593112395
Stationary_ADF,9.321489545104379e-06,4.082824902093593e-06,1.2830678085706564e-10,7.908266611158737e-09,3.351850488927511e-09,2.292149459467129e-10,2.9926331472501e-06,0.0,0.0018293063113995445,2.094232087905039e-30,5.737588004690552e-25,0.0
Stationarity_KPSS,0.1,0.1,0.1,0.1,0.1,0.1,0.1,0.020593965791249995,0.1,0.03414383238956161,0.1,0.1
Co-integration,0.0,0.0,0.0,0.0,0.0,0.0,0.0,0.0,0.0,0.0,0.0,0.0
Granger_Causality_pvals,0.0,0.9926,0.9674,0.6602,0.9556,0.94,0.6371,0.5267,0.257,0.4853,0.2721,0.587
Granger_Causality_Lags,0.0,4.0,3.0,2.0,10.0,5.0,4.0,14.0,1.0,15.0,1.0,1.0
TLCC_Lags,0.0,16.0,7.0,3.0,14.0,9.0,8.0,17.0,3.0,0.0,23.0,0.0
